,precision,recall,f1-score,support
0,1.0,0.7777777777777778,0.875,9.0
1,0.0,0.0,0.0,0.0
2,0.4,0.3333333333333333,0.36363636363636365,6.0
3,0.6923076923076923,0.8181818181818182,0.75,11.0
accuracy,0.6923076923076923,0.6923076923076923,0.6923076923076923,0.6923076923076923
macro avg,0.523076923076923,0.4823232323232324,0.49715909090909094,26.0
weighted avg,0.7313609467455622,0.6923076923076923,0.7041083916083916,26.0
