,precision,recall,f1-score,support
0,0.9,1.0,0.9473684210526315,9.0
1,0.0,0.0,0.0,0.0
2,0.8333333333333334,0.8333333333333334,0.8333333333333334,6.0
3,1.0,0.7272727272727273,0.8421052631578947,11.0
accuracy,0.8461538461538461,0.8461538461538461,0.8461538461538461,0.8461538461538461
macro avg,0.6833333333333333,0.6401515151515151,0.6557017543859649,26.0
weighted avg,0.926923076923077,0.8461538461538461,0.8765182186234818,26.0
