,precision,recall,f1-score,support
0,1.0,0.7777777777777778,0.875,9.0
1,0.0,0.0,0.0,0.0
2,0.5,0.16666666666666666,0.25,6.0
3,0.9090909090909091,0.9090909090909091,0.9090909090909091,11.0
accuracy,0.6923076923076923,0.6923076923076923,0.6923076923076923,0.6923076923076923
macro avg,0.6022727272727273,0.46338383838383834,0.5085227272727273,26.0
weighted avg,0.8461538461538461,0.6923076923076923,0.7451923076923077,26.0
