,precision,recall,f1-score,support
0,1.0,0.6666666666666666,0.8,9.0
1,0.0,0.0,0.0,0.0
2,0.8333333333333334,0.8333333333333334,0.8333333333333334,6.0
3,0.9166666666666666,1.0,0.9565217391304348,11.0
accuracy,0.8461538461538461,0.8461538461538461,0.8461538461538461,0.8461538461538461
macro avg,0.6875,0.625,0.6474637681159421,26.0
weighted avg,0.9262820512820512,0.8461538461538461,0.8739130434782609,26.0
