,precision,recall,f1-score,support
0,0.8888888888888888,0.8888888888888888,0.8888888888888888,9.0
1,0.0,0.0,0.0,0.0
2,0.5,0.5,0.5,4.0
3,1.0,0.8461538461538461,0.9166666666666666,13.0
accuracy,0.8076923076923077,0.8076923076923077,0.8076923076923077,0.8076923076923077
macro avg,0.5972222222222222,0.5587606837606838,0.5763888888888888,26.0
weighted avg,0.8846153846153846,0.8076923076923077,0.8429487179487178,26.0
