,precision,recall,f1-score,support
0,0.875,0.7777777777777778,0.8235294117647058,9.0
1,0.0,0.0,0.0,0.0
2,0.5,0.25,0.3333333333333333,4.0
3,1.0,0.9230769230769231,0.96,13.0
accuracy,0.7692307692307693,0.7692307692307693,0.7692307692307693,0.7692307692307693
macro avg,0.59375,0.4877136752136752,0.5292156862745098,26.0
weighted avg,0.8798076923076923,0.7692307692307693,0.8163499245852187,26.0
