,precision,recall,f1-score,support
0,0.3333333333333333,0.1111111111111111,0.16666666666666666,9.0
1,0.0,0.0,0.0,0.0
2,0.2,0.16666666666666666,0.18181818181818182,6.0
3,0.3125,0.45454545454545453,0.37037037037037035,11.0
accuracy,0.2692307692307692,0.2692307692307692,0.2692307692307692,0.2692307692307692
macro avg,0.21145833333333333,0.18308080808080807,0.17971380471380471,26.0
weighted avg,0.29375,0.2692307692307692,0.25634550634550635,26.0
