,precision,recall,f1-score,support
0,0.8571428571428571,0.6666666666666666,0.75,9.0
1,0.0,0.0,0.0,0.0
2,0.0625,0.3333333333333333,0.10526315789473684,3.0
3,0.0,0.0,0.0,14.0
accuracy,0.2692307692307692,0.2692307692307692,0.2692307692307692,0.2692307692307692
macro avg,0.22991071428571427,0.25,0.2138157894736842,26.0
weighted avg,0.30391483516483514,0.2692307692307692,0.2717611336032389,26.0
