,precision,recall,f1-score,support
0,0.9,1.0,0.9473684210526315,9.0
1,0.0,0.0,0.0,0.0
2,0.6666666666666666,0.3333333333333333,0.4444444444444444,6.0
3,0.8181818181818182,0.8181818181818182,0.8181818181818182,11.0
accuracy,0.7692307692307693,0.7692307692307693,0.7692307692307693,0.7692307692307693
macro avg,0.5962121212121212,0.5378787878787878,0.5524986709197236,26.0
weighted avg,0.8115384615384615,0.7692307692307693,0.7766531713900134,26.0
