,precision,recall,f1-score,support
0,1.0,0.7777777777777778,0.875,9.0
1,0.0,0.0,0.0,0.0
2,0.75,0.5,0.6,6.0
3,0.8333333333333334,0.9090909090909091,0.8695652173913043,11.0
accuracy,0.7692307692307693,0.7692307692307693,0.7692307692307693,0.7692307692307693
macro avg,0.6458333333333334,0.5467171717171717,0.5861413043478261,26.0
weighted avg,0.8717948717948718,0.7692307692307693,0.8092391304347826,26.0
