,precision,recall,f1-score,support
0,1.0,1.0,1.0,9.0
1,0.0,0.0,0.0,0.0
2,0.5,0.3333333333333333,0.4,6.0
3,0.9,0.8181818181818182,0.8571428571428571,11.0
accuracy,0.7692307692307693,0.7692307692307693,0.7692307692307693,0.7692307692307693
macro avg,0.6,0.5378787878787878,0.5642857142857143,26.0
weighted avg,0.8423076923076922,0.7692307692307693,0.8010989010989011,26.0
